"文件名","外链地址"
"O1CN013e0j4X1JyvywarAXo_!!2220488811098.jpg","http://t5hz6jh5i.hd-bkt.clouddn.com/O1CN013e0j4X1JyvywarAXo_%21%212220488811098.jpg"
"O1CN016nmUeP1kmYpb1ifI6_!!2218045944726.jpg","http://t5hz6jh5i.hd-bkt.clouddn.com/O1CN016nmUeP1kmYpb1ifI6_%21%212218045944726.jpg"
"O1CN017fu1Gu21eB7KKIuxz_!!4611686018427384449-0-item_pic.jpg","http://t5hz6jh5i.hd-bkt.clouddn.com/O1CN017fu1Gu21eB7KKIuxz_%21%214611686018427384449-0-item_pic.jpg"
"O1CN01Az3jZO1mzxV3hJpc5_!!0-saturn_solar.jpg","http://t5hz6jh5i.hd-bkt.clouddn.com/O1CN01Az3jZO1mzxV3hJpc5_%21%210-saturn_solar.jpg"
"O1CN01CktGgb1XF2uAvAOB4_!!1723512893.jpg","http://t5hz6jh5i.hd-bkt.clouddn.com/O1CN01CktGgb1XF2uAvAOB4_%21%211723512893.jpg"
"O1CN01GIyRcf1CvXjeCsq3n_!!400420143.jpg","http://t5hz6jh5i.hd-bkt.clouddn.com/O1CN01GIyRcf1CvXjeCsq3n_%21%21400420143.jpg"
"O1CN01IdMcf91csV6TOWvSP_!!2206463603656.jpg","http://t5hz6jh5i.hd-bkt.clouddn.com/O1CN01IdMcf91csV6TOWvSP_%21%212206463603656.jpg"
"O1CN01J0GHC31isr7MYCk4n_!!4611686018427384197-0-item_pic.jpg","http://t5hz6jh5i.hd-bkt.clouddn.com/O1CN01J0GHC31isr7MYCk4n_%21%214611686018427384197-0-item_pic.jpg"
"O1CN01J50Jwb1QtcgvPskEt_!!1855372034.jpg","http://t5hz6jh5i.hd-bkt.clouddn.com/O1CN01J50Jwb1QtcgvPskEt_%21%211855372034.jpg"
"O1CN01QqWjad2A15pHqefUI_!!4611686018427387118-0-saturn_solar.jpg","http://t5hz6jh5i.hd-bkt.clouddn.com/O1CN01QqWjad2A15pHqefUI_%21%214611686018427387118-0-saturn_solar.jpg"
"O1CN01UGQoOO2DdVwO9LZFM_!!4611686018427381992-0-item_pic.jpg","http://t5hz6jh5i.hd-bkt.clouddn.com/O1CN01UGQoOO2DdVwO9LZFM_%21%214611686018427381992-0-item_pic.jpg"
"O1CN01UhdBKB2LvqaRxiBJp_!!2211983339755.png","http://t5hz6jh5i.hd-bkt.clouddn.com/O1CN01UhdBKB2LvqaRxiBJp_%21%212211983339755.png"
"O1CN01nqLHHC1hs6r7sLOl8_!!2220063214332.jpg","http://t5hz6jh5i.hd-bkt.clouddn.com/O1CN01nqLHHC1hs6r7sLOl8_%21%212220063214332.jpg"
"O1CN01oDdJKx1flZxyk1CL1_!!4611686018427386751-0-item_pic.jpg","http://t5hz6jh5i.hd-bkt.clouddn.com/O1CN01oDdJKx1flZxyk1CL1_%21%214611686018427386751-0-item_pic.jpg"
"O1CN01t6mE6b243UFCIASHP~crop,0,147,1152,1152~_!!2218799617335.jpg","http://t5hz6jh5i.hd-bkt.clouddn.com/O1CN01t6mE6b243UFCIASHP~crop%2C0%2C147%2C1152%2C1152~_%21%212218799617335.jpg"
"O1CN01y2ulwX1VnHI8YO838_!!4611686018427382665-0-item_pic.jpg","http://t5hz6jh5i.hd-bkt.clouddn.com/O1CN01y2ulwX1VnHI8YO838_%21%214611686018427382665-0-item_pic.jpg"
"goodsIMG_7605.JPEG","http://t5hz6jh5i.hd-bkt.clouddn.com/goodsIMG_7605.JPEG"
"goodsO1CN01GYQcIc1eTQfYQOaZj_!!2217779713872.jpg","http://t5hz6jh5i.hd-bkt.clouddn.com/goodsO1CN01GYQcIc1eTQfYQOaZj_%21%212217779713872.jpg"
"goodsO1CN01MPSSmy1jBdMHAuHA7_!!2220214574510.jpg","http://t5hz6jh5i.hd-bkt.clouddn.com/goodsO1CN01MPSSmy1jBdMHAuHA7_%21%212220214574510.jpg"
"goodsO1CN01P60uTG1z7XecmxGuG_!!2211867686667.jpg","http://t5hz6jh5i.hd-bkt.clouddn.com/goodsO1CN01P60uTG1z7XecmxGuG_%21%212211867686667.jpg"
"goodsO1CN01T7FumB2Dcb8hYujZy_!!4611686018427380374-2-item_pic.png","http://t5hz6jh5i.hd-bkt.clouddn.com/goodsO1CN01T7FumB2Dcb8hYujZy_%21%214611686018427380374-2-item_pic.png"
"goodsO1CN01Td187V22YVpZBrB6q_!!4611686018427386364-2-item_pic.png","http://t5hz6jh5i.hd-bkt.clouddn.com/goodsO1CN01Td187V22YVpZBrB6q_%21%214611686018427386364-2-item_pic.png"
"goodsO1CN01XLfA691pn5QRJuixk_!!4611686018427387404-2-item_pic.png","http://t5hz6jh5i.hd-bkt.clouddn.com/goodsO1CN01XLfA691pn5QRJuixk_%21%214611686018427387404-2-item_pic.png"
"goodsO1CN01YJNs8a28G5Wd34YPZ_!!2213047957904.jpg","http://t5hz6jh5i.hd-bkt.clouddn.com/goodsO1CN01YJNs8a28G5Wd34YPZ_%21%212213047957904.jpg"
"goodsO1CN01crbOGW1XwYXLQj926_!!2214591132988.jpg","http://t5hz6jh5i.hd-bkt.clouddn.com/goodsO1CN01crbOGW1XwYXLQj926_%21%212214591132988.jpg"
"goodsO1CN01hTw0xX1jTUnZrV598_!!2214035244549.jpg","http://t5hz6jh5i.hd-bkt.clouddn.com/goodsO1CN01hTw0xX1jTUnZrV598_%21%212214035244549.jpg"
"goodsO1CN01nYJNx91C7cZGltmvm_!!872780034.jpg","http://t5hz6jh5i.hd-bkt.clouddn.com/goodsO1CN01nYJNx91C7cZGltmvm_%21%21872780034.jpg"
"goodsO1CN01p9KfAi26HLSMtpoUJ_!!2220440437636.jpg","http://t5hz6jh5i.hd-bkt.clouddn.com/goodsO1CN01p9KfAi26HLSMtpoUJ_%21%212220440437636.jpg"
"goodsO1CN01sXptbY2KIAmzOhr2x_!!2354169533.jpg","http://t5hz6jh5i.hd-bkt.clouddn.com/goodsO1CN01sXptbY2KIAmzOhr2x_%21%212354169533.jpg"
"goodsO1CN01xVguSR1MCKnHovYS7_!!4611686018427387270-0-item_pic.jpg","http://t5hz6jh5i.hd-bkt.clouddn.com/goodsO1CN01xVguSR1MCKnHovYS7_%21%214611686018427387270-0-item_pic.jpg"
"goodsO1CN01ya9eea246h0awnTCx_!!4611686018427386030-0-item_pic.jpg","http://t5hz6jh5i.hd-bkt.clouddn.com/goodsO1CN01ya9eea246h0awnTCx_%21%214611686018427386030-0-item_pic.jpg"
"goodsO1CN01z1H5BR1qIglVO24b0_!!2919205473.jpg","http://t5hz6jh5i.hd-bkt.clouddn.com/goodsO1CN01z1H5BR1qIglVO24b0_%21%212919205473.jpg"